INDEX;DATE;TITLE;AMOUNT;CURRENCY;ACCOUNT;AMOUNT GBP;TYPE;PROJET;Exclure_anomalie;Soutien_ignorer
1;01.10.25;Loyer octobre;-850,00;GBP;HSBC Joint;-850,00;Rent;maison-01;;
2;03.10.25;Courses Carrefour;-38,50;EUR;Revolut Perso;-33,11;Food;maison-01;;
3;05.10.25;PRET A MANGER;-11,20;EUR;Revolut Perso;-9,63;Food;;;
4;10.10.25;Rechargement depuis HSBC;232,56;EUR;Revolut Perso;200,00;Other Inc;;;
5;10.10.25;Rechargement Revolut;-200,00;GBP;HSBC Joint;-200,00;Misc;;;
6;12.10.25;EDF / utilities;-62,00;GBP;HSBC Joint;-62,00;Misc;maison-01;;
7;15.10.25;Courses marché;-31,50;EUR;Revolut Perso;-27,09;Food;maison-01;;
8;22.10.25;Cinéma Pathé;-14,00;EUR;Revolut Perso;-12,04;Leisure;;;
9;28.10.25;Salaire ACME Ltd;3 200,00;GBP;HSBC Joint;3 200,00;Firm;;;
10;28.10.25;SPOTIFY;-9,99;EUR;Revolut Perso;-8,59;Leisure;;;
11;01.11.25;Loyer novembre;-850,00;GBP;HSBC Joint;-850,00;Rent;maison-01;;
12;03.11.25;Courses Carrefour;-42,70;EUR;Revolut Perso;-36,72;Food;maison-01;;
13;05.11.25;PRET A MANGER;-12,70;EUR;Revolut Perso;-10,92;Food;;;
14;10.11.25;Rechargement depuis HSBC;232,56;EUR;Revolut Perso;200,00;Other Inc;;;
15;10.11.25;Rechargement Revolut;-200,00;GBP;HSBC Joint;-200,00;Misc;;;
16;12.11.25;EDF / utilities;-67,00;GBP;HSBC Joint;-67,00;Misc;maison-01;;
17;15.11.25;Courses marché;-35,70;EUR;Revolut Perso;-30,70;Food;maison-01;;
18;20.11.25;Don association quartier;-20,00;GBP;HSBC Joint;-20,00;Donation;maison-01;;
19;28.11.25;Salaire ACME Ltd;3 250,00;GBP;HSBC Joint;3 250,00;Firm;;;
20;28.11.25;SPOTIFY;-9,99;EUR;Revolut Perso;-8,59;Leisure;;;
21;01.12.25;Loyer décembre;-850,00;GBP;HSBC Joint;-850,00;Rent;maison-01;;
22;03.12.25;Courses Carrefour;-46,90;EUR;Revolut Perso;-40,33;Food;maison-01;;
23;05.12.25;PRET A MANGER;-14,20;EUR;Revolut Perso;-12,21;Food;;;
24;10.12.25;Rechargement depuis HSBC;232,56;EUR;Revolut Perso;200,00;Other Inc;;;
25;10.12.25;Rechargement Revolut;-200,00;GBP;HSBC Joint;-200,00;Misc;;;
26;12.12.25;EDF / utilities;-72,00;GBP;HSBC Joint;-72,00;Misc;maison-01;;
27;15.12.25;Courses marché;-39,90;EUR;Revolut Perso;-34,31;Food;maison-01;;
28;15.12.25;Prime fin d'année;400,00;GBP;HSBC Joint;400,00;Other Inc;;;
29;28.12.25;Salaire ACME Ltd;3 300,00;GBP;HSBC Joint;3 300,00;Firm;;;
30;28.12.25;SPOTIFY;-9,99;EUR;Revolut Perso;-8,59;Leisure;;;
31;01.01.26;Loyer janvier;-850,00;GBP;HSBC Joint;-850,00;Rent;maison-01;;
32;03.01.26;Courses Carrefour;-51,10;EUR;Revolut Perso;-43,95;Food;maison-01;;
33;05.01.26;PRET A MANGER;-15,70;EUR;Revolut Perso;-13,50;Food;;;
34;10.01.26;Rechargement depuis HSBC;232,56;EUR;Revolut Perso;200,00;Other Inc;;;
35;10.01.26;Rechargement Revolut;-200,00;GBP;HSBC Joint;-200,00;Misc;;;
36;12.01.26;EDF / utilities;-62,00;GBP;HSBC Joint;-62,00;Misc;maison-01;;
37;15.01.26;Courses marché;-44,10;EUR;Revolut Perso;-37,93;Food;maison-01;;
38;20.01.26;Don association quartier;-20,00;GBP;HSBC Joint;-20,00;Donation;maison-01;;
39;28.01.26;Salaire ACME Ltd;3 200,00;GBP;HSBC Joint;3 200,00;Firm;;;
40;28.01.26;SPOTIFY;-9,99;EUR;Revolut Perso;-8,59;Leisure;;;
41;01.02.26;Loyer février;-850,00;GBP;HSBC Joint;-850,00;Rent;maison-01;;
42;03.02.26;Courses Carrefour;-55,30;EUR;Revolut Perso;-47,56;Food;maison-01;;
43;05.02.26;PRET A MANGER;-11,20;EUR;Revolut Perso;-9,63;Food;;;
44;10.02.26;Rechargement depuis HSBC;232,56;EUR;Revolut Perso;200,00;Other Inc;;;
45;10.02.26;Rechargement Revolut;-200,00;GBP;HSBC Joint;-200,00;Misc;;;
46;12.02.26;EDF / utilities;-67,00;GBP;HSBC Joint;-67,00;Misc;maison-01;;
47;15.02.26;Courses marché;-48,30;EUR;Revolut Perso;-41,54;Food;maison-01;;
48;16.02.26;Remboursement assurance;85,00;GBP;HSBC Joint;85,00;Refund;;;
49;28.02.26;Salaire ACME Ltd;3 250,00;GBP;HSBC Joint;3 250,00;Firm;;;
50;28.02.26;SPOTIFY;-9,99;EUR;Revolut Perso;-8,59;Leisure;;;
51;01.03.26;Loyer mars;-850,00;GBP;HSBC Joint;-850,00;Rent;maison-01;;
52;03.03.26;Courses Carrefour;-38,50;EUR;Revolut Perso;-33,11;Food;maison-01;;
53;05.03.26;PRET A MANGER;-12,70;EUR;Revolut Perso;-10,92;Food;;;
54;10.03.26;Rechargement depuis HSBC;232,56;EUR;Revolut Perso;200,00;Other Inc;;;
55;10.03.26;Rechargement Revolut;-200,00;GBP;HSBC Joint;-200,00;Misc;;;
56;12.03.26;EDF / utilities;-72,00;GBP;HSBC Joint;-72,00;Misc;maison-01;;
57;15.03.26;Courses marché;-31,50;EUR;Revolut Perso;-27,09;Food;maison-01;;
58;20.03.26;Don association quartier;-20,00;GBP;HSBC Joint;-20,00;Donation;maison-01;;
59;28.03.26;Salaire ACME Ltd;3 300,00;GBP;HSBC Joint;3 300,00;Firm;;;
60;28.03.26;SPOTIFY;-9,99;EUR;Revolut Perso;-8,59;Leisure;;;
